Company Name,Website
Doctor’s Choice,https://doctors-choice.com/
Supersmoker,https://www.supersmokers.com/menu
R-Kiem Seeds,https://r-kiemseeds.com/
Cultiva,https://www.cultiva.com/
Exotic Seed,https://www.exoticseed.eu/
Paradise Seeds,https://www.paradise-seeds.com/
EstTech,https://esttech.com/
Lumatek Lighting,https://lumatek-lighting.com/
Mascotte,https://www.cityofmascotte.com/
Sensi Seeds,https://sensiseeds.com/
Barney’s Farm,https://www.barneysfarm.com/
D ODR,https://www.d-odr.com/
Plagron,https://plagron.com/
Terra Aquatica,https://www.terraaquatica.com/
Seedstockers,https://seedstockers.com/
Monkey Soil,https://monkeysoil.com/en/
Ripper Seeds,https://www.ripperseeds.com/en/
Prot-eco,https://www.prot-eco.com/en/
Ganesha Seeds,https://ganesha-seeds.com/
Terpescience,https://terpescience.com/
Mavericks Genetics,https://mavericksgenetics.com/
Simply Organic S.L.,https://simplyorganicsl.com/
Growth Technology LTD,https://growthtechnologyltd.com/
Puffco,https://www.puffco.com/
Sweet Seeds®,https://sweetseeds.com/en/
LC Distribuciones,https://lcdistribuciones.eu/
Dutch Masters,https://dutchmasters.com/
Repser Trade,https://repsertrade.com/
Fuzion,https://www.fuzionflooring.com/en-us/
The Bulldog,https://thebulldog.com/
Quest Climate,https://www.questclimate.com/
TrolMaster,https://www.trolmaster.com/
Spliff Seeds,https://www.spliffseeds.nl/
Garden Highpro,https://www.gardenhighpro.com/
BioTabs,https://biotabs.nl/en/
Gea Seeds,https://geaseeds.com/en/
Prima Klima,https://primaklima.com/
Idrogrow,https://www.idrogrow.com/
T.H.Seeds,https://www.thseeds.com/
Cannaboom,https://cannaboom.es/en/
Athena ®,https://athenanet.athenahealth.com/
Qnubu,https://en.qnubu.com/
Hortitec,https://www.hortitecusa.com/
Ace Seeds,https://www.aceseeds.org/en/
Cannashock,https://cannashock.com/
De Verdamper,http://www.de-verdamper.nl/
Sunflower Trimmer,https://www.sunflower-trimmer.com/
Silent Seeds,https://www.silent-seeds.com/en/
DryRocket,https://dryrocket.com/contact-us/
Allora labs,https://www.alloralabs.xyz/
Vision Trading BV,https://visiontradingbv.com/
Dutch Pro,https://dutchpro.com/
RipTip,https://theriptip.com/
Nasha Genetics,https://nasha-genetics.com/
GreenPlanet Nutrients,https://greenplanetnutrients.com/
Cannactiva,https://cannactiva.com/en/cannabis-cbd/
Attitude Seedbank,https://www.attitudeseedbankusa.com/brands
MJ3 Electronic,https://mj3electronic.es/
Eurogrow,https://eurogrow.es/
Grassroots California,https://www.grassrootscalifornia.com/
Smoking Paper,https://www.smokingpaper.com/
BSF Seeds,https://bsfseeds.com/
Cannabeer,https://www.canna.beer/
Growshop Undergrownd,https://growshop-undergrownd.com/
Deli Hemp,https://boutique.deli-hemp.fr/
Natural Suit,https://naturalsuitcbd.com/
Enjoy Smackers,https://enjoysmackers.com/
Greengo,https://www.greengodigital.com/
HighArtStudios.eu,https://highartstudios.eu/
Pollinator Company,https://sillerpollinatorcompany.com/
Remo Nutrients,https://www.remonutrients.com/
iLMYO,https://www.ilmyo.it/en/
Hara Brands,https://harabrands.com/
Cannabis Hardware,https://www.cannabishardware.com/
EUCannaJobs,https://www.eucannajobs.com/
Headstash BCN,https://www.headstashbcn.com/
Grotech Distribution,https://grotechdistribution.co.uk/
THC Abogados,https://thcabogados.org/
Abstrax,https://abstraxtech.com/
Soulblime,https://www.soulblime.com/
Xpert Nutrients,https://xpertnutrients.com/about-us/
RTZ. Lifestyle,https://rtzlifestyle.com/
Graveda,https://graveda.de/en/Vaporizers/
ConFAC,https://confac.org/
Emerald Harvest,https://emeraldharvest.co/
Legal lean,https://www.legallean.com/
Puppets Genetics,https://puppetsgenetics.com/
Access Rosin®,https://www.accessrosin.com/
Multitrance,https://multitrance.com/
Humidi.co,https://www.humidi.co/
S&F Abogados,https://www.sfabogados.com/
Atomic,https://www.atomic.com/en-us
Humboldt Seeds,https://www.humboldtseeds.net/
Focus V,https://focusv.com/
Anesia Seeds,https://anesiaseeds.com/
OCB,https://ocb.net/
Heatex Products,https://heatexproducts.com/
Master Products,https://www.masterproducts.com/
Christiania420,https://christiania420.com/
Florprohibida,https://florprohibida.com/
Biobackup Lab,https://www.biobackuplab.com/rose/
Boveda,https://bovedainc.com/
T.H.Containers,https://www.thcontainers.es/en/catalogue/
Rollz,https://www.rollz.com/
Muza,https://muzasheetmetal.com/
Cannalab,https://cannalab.eu/
Mabrouka,https://villamabrouka.com/
Shanticaravan,https://shanticaravan.wixsite.com/shanticaravan
La Lianta,https://laliantamallorca.es/
